course,week 2,week 3,week 4,week 5,week 6,week 7,week 8,week 9,week 10,week 11,week 12,week 13
KLS3551 Kulturledelse,0.0,0.16,0.8,0.25,1.0,0.0,0.3333333333333333,0.125,0.0,0.0,NA,0.0
MRK3480 Forbrukeratferd,0.2692307692307692,0.39316239316239315,0.5040650406504065,0.4095238095238095,0.4090909090909091,0.40860215053763443,0.3157894736842105,0.5079365079365079,0.3448275862068966,0.42528735632183906,0.3157894736842105,0.5
ORG3402 Organisasjonsatferd og ledelse,0.31746031746031744,0.2893081761006289,0.4315068493150685,0.2537313432835821,0.3076923076923077,0.36585365853658536,0.42857142857142855,0.125,0.10526315789473684,0.2727272727272727,0.3333333333333333,0.0
